Datetime,Water Level (m)
2025-04-16 06:00:00,-0.14779608
2025-04-16 07:00:00,-0.21039659
2025-04-16 08:00:00,-0.24478753
2025-04-16 09:00:00,-0.23196568
2025-04-16 10:00:00,0.028723642
2025-04-16 11:00:00,0.29525828
2025-04-16 12:00:00,0.5029275
2025-04-16 13:00:00,0.6210746
2025-04-16 14:00:00,0.64372826
2025-04-16 15:00:00,0.562401
2025-04-16 16:00:00,0.37401536
2025-04-16 17:00:00,0.17159738
2025-04-16 18:00:00,0.0528376
2025-04-16 19:00:00,-0.017057493
2025-04-16 20:00:00,-0.06821268
2025-04-16 21:00:00,-0.11808546
2025-04-16 22:00:00,-0.07230526
2025-04-16 23:00:00,0.19242057
2025-04-17 00:00:00,0.39911485
2025-04-17 01:00:00,0.54237074
2025-04-17 02:00:00,0.57372224
2025-04-17 03:00:00,0.4601593
2025-04-17 04:00:00,0.25792634
2025-04-17 05:00:00,0.118708454
2025-04-17 06:00:00,0.004138007
2025-04-17 07:00:00,-0.06593675
2025-04-17 08:00:00,-0.11684503
2025-04-17 09:00:00,-0.16102912
2025-04-17 10:00:00,-0.10494242
2025-04-17 11:00:00,0.18942614
2025-04-17 12:00:00,0.4347351
2025-04-17 13:00:00,0.6350308
2025-04-17 14:00:00,0.74263114
2025-04-17 15:00:00,0.71638906
2025-04-17 16:00:00,0.5441975
2025-04-17 17:00:00,0.32834154
2025-04-17 18:00:00,0.17061757
2025-04-17 19:00:00,0.07774312
2025-04-17 20:00:00,0.026088169
2025-04-17 21:00:00,-0.026647193
2025-04-17 22:00:00,-0.057636935
2025-04-17 23:00:00,0.06685945
2025-04-18 00:00:00,0.2957891
2025-04-18 01:00:00,0.48504195
2025-04-18 02:00:00,0.5864314
2025-04-18 03:00:00,0.5687367
2025-04-18 04:00:00,0.40869668
2025-04-18 05:00:00,0.23168929
2025-04-18 06:00:00,0.11182477
2025-04-18 07:00:00,0.014394061
2025-04-18 08:00:00,-0.04604902
2025-04-18 09:00:00,-0.095882304
2025-04-18 10:00:00,-0.10569426
2025-04-18 11:00:00,0.08086634
2025-04-18 12:00:00,0.34783247
2025-04-18 13:00:00,0.5461651
2025-04-18 14:00:00,0.68402904
2025-04-18 15:00:00,0.7344117
2025-04-18 16:00:00,0.6562741
2025-04-18 17:00:00,0.46172053
2025-04-18 18:00:00,0.2699603
2025-04-18 19:00:00,0.14917634
2025-04-18 20:00:00,0.08164892
2025-04-18 21:00:00,0.036613237
2025-04-18 22:00:00,-0.01302016
2025-04-18 23:00:00,-0.023919072
2025-04-19 00:00:00,0.100320004
2025-04-19 01:00:00,0.29196417
2025-04-19 02:00:00,0.46635246
2025-04-19 03:00:00,0.5298381
2025-04-19 04:00:00,0.49113566
2025-04-19 05:00:00,0.34370127
2025-04-19 06:00:00,0.19461714
2025-04-19 07:00:00,0.08322728
2025-04-19 08:00:00,-0.007813611
2025-04-19 09:00:00,-0.06902362
2025-04-19 10:00:00,-0.11271251
2025-04-19 11:00:00,-0.08954369
2025-04-19 12:00:00,0.12435032
2025-04-19 13:00:00,0.34759
2025-04-19 14:00:00,0.53318644
2025-04-19 15:00:00,0.64965034
2025-04-19 16:00:00,0.6714262
2025-04-19 17:00:00,0.5741957
2025-04-19 18:00:00,0.39273596
2025-04-19 19:00:00,0.23637535
2025-04-19 20:00:00,0.13166726
2025-04-19 21:00:00,0.07639923
2025-04-19 22:00:00,0.030716067
2025-04-19 23:00:00,-0.008614149
2025-04-20 00:00:00,-0.0020648546
2025-04-20 01:00:00,0.11896022
2025-04-20 02:00:00,0.2913234
2025-04-20 03:00:00,0.4430652
2025-04-20 04:00:00,0.49393415
2025-04-20 05:00:00,0.44701138
2025-04-20 06:00:00,0.3049372
2025-04-20 07:00:00,0.17593645
2025-04-20 08:00:00,0.07467693
2025-04-20 09:00:00,-0.0025162864
2025-04-20 10:00:00,-0.05225078
2025-04-20 11:00:00,-0.07865292
2025-04-20 12:00:00,-0.01353184
2025-04-20 13:00:00,0.18208137
2025-04-20 14:00:00,0.3865604
2025-04-20 15:00:00,0.5494037
2025-04-20 16:00:00,0.66212595
2025-04-20 17:00:00,0.6963303
2025-04-20 18:00:00,0.6291354
2025-04-20 19:00:00,0.46720973
2025-04-20 20:00:00,0.29812375
2025-04-20 21:00:00,0.18815857
2025-04-20 22:00:00,0.12607782
2025-04-20 23:00:00,0.07837369
2025-04-21 00:00:00,0.03281444
2025-04-21 01:00:00,0.013232765
2025-04-21 02:00:00,0.07032681
2025-04-21 03:00:00,0.20648742
2025-04-21 04:00:00,0.376811
2025-04-21 05:00:00,0.47692388
2025-04-21 06:00:00,0.4894633
2025-04-21 07:00:00,0.4088474
2025-04-21 08:00:00,0.27253404
2025-04-21 09:00:00,0.16256294
2025-04-21 10:00:00,0.07910281
2025-04-21 11:00:00,0.012855929
2025-04-21 12:00:00,-0.022951238
2025-04-21 13:00:00,0.00736707
2025-04-21 14:00:00,0.14043126
2025-04-21 15:00:00,0.319059
2025-04-21 16:00:00,0.5030583
2025-04-21 17:00:00,0.6167476
2025-04-21 18:00:00,0.6757138
2025-04-21 19:00:00,0.656571
2025-04-21 20:00:00,0.5360559
2025-04-21 21:00:00,0.36752325
2025-04-21 22:00:00,0.24048942
2025-04-21 23:00:00,0.15536046
2025-04-22 00:00:00,0.09742279
2025-04-22 01:00:00,0.04105377
2025-04-22 02:00:00,-0.002215006
2025-04-22 03:00:00,0.0009355515
2025-04-22 04:00:00,0.12310403
2025-04-22 05:00:00,0.31356773
2025-04-22 06:00:00,0.47432232
